ItemNumber,Qty On Hand,Name,Next Delivery Date
1010111,-29,Copenhagen 3 Drawer Bedside in Pine,24/08/2020
1010211,-13,Copenhagen 5 Drawer Narrow Chest in Pine,24/08/2020
1010311,-3,Copenhagen 2 + 4 Drawer Chest in Pine,24/08/2020
1010411,64,Copenhagen 2 + 3 + 4 Drawer Extra wide chest in Pine,
1010511,-2,Copenhagen 2 + 3 Deep Drawer Chest in Pine,Awaiting delivery date
1010811,-22,Copenhagen Blanket Box in Pine,24/08/2020
1012511,16,Copenhagen 2 Door 2 Drawer Combi Wardrobe in Pine,
1012211,23,Copenhagen 3 Door 4 Drawer Wardrobe in Pine,
1010101,-6,Copenhagen 3 Drawer Bedside in White,24/08/2020
1010201,-9,Copenhagen 5 Drawer Narrow Chest in White,24/08/2020
1010301,-10,Copenhagen 2 + 4 Drawer Chest in White,24/08/2020
1010401,-31,Copenhagen 2 + 3 + 4 Drawer Extra wide chest in White,24/08/2020
1010501,23,Copenhagen 2 + 3 Deep Drawer Chest in White,
1010801,4,Copenhagen Blanket Box in White,
1012501,-4,Copenhagen 2 Door 2 Drawer Combi Wardrobe in White,31/08/2020
1012201,-7,Copenhagen 3 Door 4 Drawer Wardrobe in White,31/08/2020
1013201,-2,Copenhagen 4'6 ft Double Bed Frame White,Awaiting delivery date
1020111,18,Scandi 3 Drawer Bedside in Pine,
1020211,-1,Scandi 2 + 4 Drawer Chest in Pine,Awaiting delivery date
1022111,10,Scandi 2 Door 2 Drawer Combi Wardrobe in Pine,
1022311,0,Scandi 2 Door Wardrobe with 3 drawers in Pine,Awaiting delivery date
1022511,-3,Scandi 3 Door 5 Drawer Wardrobe with Mirror in Pine,Awaiting delivery date
1020101,45,Scandi 3 Drawer Bedside in White,
1020201,13,Scandi 2 + 4 Drawer Chest in White,
1020401,16,Scandi 6 + 6 Drawer Extra wide chest in White,
1022101,-2,Scandi 2 Door 2 Drawer Combi Wardrobe in White,Awaiting delivery date
1503501,7,KIDS World Underbed Drawer White ,
1034212,-2,Terra 4+2 deep drawer Pine/white,Awaiting delivery date
1034312,-1,Terra 6+3 drawer Pine/white,Awaiting delivery date
1014101,46,Copenhagen Mirror White,
1500604,10,KIDS World Print Pocket Blue,
1500603,6,KIDS World Print Pocket Pink,
1500703,4,KIDS World Tunnel Pink,
1500605,11,KIDS World Pocket Blue ,
1500506,14,KIDS World Tent Red ,
1500606,27,KIDS World Pocket Red ,
3300120,36,4 You Bar Table Black Ash,
3300320,2,Extending Dining Table 120cm ext to 187cm Black Ash,
3600521,6,Display top for models 3703 and 3706 White,
4050721,6,4 You Low wide Bookcase in Pearl White,
1010102,101,Copenhagen 3 Drawer Bedside in Cream/Pine,
1010202,-5,Copenhagen 5 Drawer Narrow Chest in Cream/Pine,24/08/2020
1010302,-1,Copenhagen 2 + 4 Drawer Chest in Cream/Pine,24/08/2020
1010402,-5,Copenhagen 2 + 3 + 4 Drawer Extra wide chest in Cream/Pine,24/08/2020
1010602,-3,Copenhagen 2 + 4 Deep Drawer Chest in Cream/Pine,Awaiting delivery date
1010702,-2,Copenhagen Single Dressing Table in Cream/Pine,Awaiting delivery date
1010802,39,Copenhagen Blanket Box in Cream/Pine,
1012502,30,Copenhagen 2 Door 2 Drawer Combi Wardrobe in Cream/Pine,
1012202,26,Copenhagen 3 Door 4 Drawer Wardrobe in Cream/Pine,
3300121,16,4 You Bar Table White,
4023544,-1,Chelsea Living 1 drawer 2 door sideboard in white with an Truffle Oak Trim,30/07/2020
4024044,1,Chelsea Living 2 drawer 3 door sideboard in white with an Truffle Oak Trim,
4025544,1,Chelsea Living Wide TV Unit in white with an Truffle Oak Trim,
4027044,-6,Chelsea Living Designer Coffee Table in white with an Truffle Oak Trim,30/07/2020
4026044,1,Chelsea Living Wall Shelf in white with an Truffle Oak Trim,
4020544,-1,Chelsea Living Tall Glazed Wide Display unit (RHD) in white with an Truffle Oak Trim,20/08/2020
4029644,32,Chelsea Bedroom 2 drawer bedside in white with an Truffle Oak Trim,
4024444,-11,Chelsea Bedroom 4 drawer chest in white with an Truffle Oak Trim,20/08/2020
4028044,-4,Chelsea Bedroom Desk/Dressing table in white with an Truffle Oak Trim,30/07/2020
4022044,1,Chelsea Bedroom 2 door robe in white with an Truffle Oak Trim,
4022244,2,Chelsea Bedroom 3 door Robe with Mirror in white with an Truffle Oak Trim,
4029144,-3,Chelsea Bedroom Double Bed in white with an Truffle Oak Trim,20/08/2020
4034145,4,Kensington Living 2 door 3+3 drawer sideboard in Oak,
4033045,2,Kensington Living 4 door 1 drawer cupboard in Oak,
4035145,1,Kensington Wide 3 drawer TV unit  in Oak,
4030645,2,Kensington Tall 3 door display cabinet in Oak,
4037145,7,Kensington Coffee Table in Oak,
4050347,17,*4 You 2 Door Cupboard in Sonama Oak,
4050547,2,4 You 3 Door 2 Drawer Wide Cupboard in Sonama Oak,
1040101,93,Florence 3 drawer bedside in White,
1040120,85,Florence 3 drawer bedside in Black,
1040220,52,Florence 3 drawer chest in Black,
1040201,91,Florence 3 drawer chest in White,
1040301,94,Florence 4+2 chest in White,
1040320,24,Florence 4+2 chest in Black,
1040401,76,Florence 3 drawer Dressing Table in White,
1040420,12,Florence 3 drawer Dressing Table in Black,
1042220,3,Florence 2 door 2 drawer Wardrobe in Black,
1042201,5,Florence 2 door 2 drawer Wardrobe in White,
4050321,8,4 You 2 Door Cupboard in Pearl White,
4050847,12,*4 You 1 Drawer 1 Door Cupboard in Sonama Oak,
4050821,21,*4 You 1 Drawer 1 Door Cupboard in Pearl White,
4050947,30,*4 You 2 Door 2 Drawer Cupboard in Sonama Oak,
4050921,24,4 You 2 Door 2 Drawer Cupboard in Pearl White,
4050521,-1,4 You 3 Door 2 Drawer Wide Cupboard in Pearl White,Awaiting delivery date
4051047,24,*4 You 4 Drawer Chest in Sonama Oak,
4051021,18,4 You 4 Drawer Chest in Pearl White,
4051321,28,4 You Tall 2 Door 2 Drawer Cupboard in Pearl White,
4051352,2,4 You Tall 2 Door 2 Drawer Cupboard in Canyon Grey / Pearl White,
4051421,37,*4 You Tall 3 Door 2 Drawer Cupboard in Pearl White,
4051547,14,*4 You Corner Cupboard in Sonama Oak,
4051521,5,4 You Corner Cupboard in Pearl White,
4051147,35,4 You 7 Drawer narrow chest in Sonama Oak,
4051121,-25,4 You 7 drawer narrow chest in Pearl White,30/07/2020
4050747,14,4 You Low Wide Bookcase in Sonama Oak,
4050221,-1,4 You Medium Wide Bookcase In Pearl White,20/08/2020
4050247,6,4 You Medium Wide Bookcase in Sonama Oak,
4059321,0,4 You Tall Wide Bookcase In Pearl White,30/07/2020
4059347,9,4 You Tall Wide Bookcase in Sonama Oak,
4059421,-2,4 You Low Narrow Bookcase in Pearl White,30/07/2020
4059447,0,4 You Low Narrow Bookcase in Sonama Oak,30/07/2020
4059521,26,4 You Medium Narrow Bookcase in Pearl White,
4050621,-18,4 You Tall Narrow Bookcase in Pearl White,20/08/2020
4050647,10,4 You Tall Narrow Bookcase in Sonama Oak,
4059547,20,4 You Medium Narrow Bookcase in Sonama Oak,
4051747,1,4 You Room Divider in Sonama Oak,
4051721,26,4 You Room Divider in Pearl White,
4051247,28,*4 You 2 Drawer low chest/ Bedside in Sonama Oak,
1012911,12,Copenhagen 2 door 2 drawer Wardrobe in Pine,
1012901,0,Copenhagen 2 door 2 drawer Wardrobe in White,31/08/2020
1012902,6,Copenhagen 2 door 2 drawer Wardrobe in Cream/Pine,
4030145P,4,Kensington Tall Narrow 2 Door Glazed Display Cabinet (LHD),
4030245P,7,Kensington Tall Narrow 2 Door Glazed Display Cabinet (RHD),
4031045P,3,Kensington Tall Narrow 2 Door Cupboard,
4032045P,2,Kensington Tall Wide 2 Door Wardrobe,
4033145P,3,Kensington 4 Door Cabinet,
4033245P,2,Kensington 3 Door Glazed Cabinet,
4033345P,3,Kensington 2 Door 3 Drawer Cabinet,
4034045P,1,Kensington Wide 4 Drawer 4 Door Sideboard,
4034245P,5,Kensington 3 Door 3 Drawer Sideboard,
4034345P,3,Kensington 3 Door 3 Drawer Glazed Sideboard,
4035245P,4,Kensington 2 Door 1 Drawer Wide TV Cabinet,
4036145P,1,Kensington 150CM Wall Shelf,
4029244P,4,Chelsea Bedroom Kingsize Bed in white with an Truffle Oak Trim,
4029344P,2,Chelsea Bedroom Super Kingsize Bed in white with an Truffle Oak Trim,
4029544P,0,Chelsea Bedroom Bedside Extension for bed in white with an Truffle Oak Trim,30/07/2020
4022344P,0,Chelsea Bedroom 4 Door wardrobe with mirrors in white with an Truffle Oak Trim,30/07/2020
4020644P,4,Chelsea Living Tall Glazed Wide Display unit (LHD) in white with an Truffle Oak Trim,
4020144P,1,Chelsea Living Tall Glazed Narrow Display unit (RHD) in white with an Truffle Oak Trim,
4023244P,1,Chelsea Living Low Display Cabinet 85 cm wide in white with an Truffle Oak Trim,
4023344P,-1,Chelsea Living Low Display Cabinet 109 cm wide in white with an Truffle Oak Trim,30/07/2020
4023444P,-5,Chelsea Living 1 Drawer 2 Door Sideboard 85 cm Wide in white with an Truffle Oak Trim,20/08/2020
4024244P,-7,Chelsea Living 3 Door Glazed Sideboard in white with an Truffle Oak Trim,20/08/2020
4026544P,8,Chelsea Living 1 Door Wall Cupboard in white with an Truffle Oak Trim,
4026644P,10,Chelsea Living 1 Door Wall Cupboard (front trim) in white with an Truffle Oak Trim,
4025144P,-7,Chelsea Living Wide 3 door TV Unit in white with an Truffle Oak Trim,30/07/2020
4027144P,-4,Chelsea Living Small Designer Coffee Table in white with an Truffle Oak Trim,30/07/2020
4020244P,-5,Chelsea Living Tall Glazed Narrow Display unit (LHD) in white with an Truffle Oak Trim,10/08/2020
4140143P,-2,Pello Tall Narrow 1 Door 3 Drawer Glazed Display Cabinet in Dark Mahogany,30/07/2020
4141043P,-5,Pello Tall Narrow 1 Door 3 Drawer Cupboard in Dark Mahogany,30/07/2020
4141143P,-4,Pello Tall Narrow 3 Drawer Bookcase in Dark Mahogany,20/08/2020
4143043P,-6,Pello 1 Door 5 Drawer Cabinet in Dark Mahogany,20/08/2020
4143143P,-2,Pello 5 Drawer Wide Chest in Dark Mahogany,20/08/2020
4144043P,-7,Pello 2 Door 4 Drawer Extra Wide Sideboard in Dark Mahogany,20/08/2020
4144243P,-5,Pello 3 Door Sideboard (Glazed Centre) in Dark Mahogany,30/07/2020
4145043P,4,Pello 166 Cm 2 Door 1 Drawer Wide TV Cabinet in Dark Mahogany,
4144143P,-4,Pello 2 Door 4 Drawer Sideboard in Dark Mahogany,20/08/2020
4145143P,-1,Pello 136 Cm 2 Door 1 Drawer TV Cabinet in Dark Mahogany,30/07/2020
4146043P,2,Pello 166 cm Wide Wall Shelf in Dark Mahogany,
4146143P,1,Pello 136 cm Wide Wall Shelf in Dark Mahogany,
4147043P,6,Pello Large Coffee Table in Dark Mahogany,
4147143P,4,Pello Small Coffee Table in Dark Mahogany,
4147543P,5,Pello Extending Dining Table in Dark Mahogany,
4142043P,3,Pello 2 Door Wardrobe in Dark Mahogany,
4142143P,0,Pello Corner Wardrobe in Dark Mahogany,30/07/2020
4148043P,-1,Pello Twin Pedestal Desk in Dark Mahogany,10/08/2020
4010143P,11,Imperial Tall Glazed 1 Door 2 Drawer Narrow Cabinet in Dark Mahogany Melamine,
4011043P,1,Imperial Tall 1 Door 2 Drawer Narrow Cabinet in Dark Mahogany Melamine,
4011143P,2,Imperial Tall 2 Drawer Narrow Cabinet with Open Shelving in Dark Mahogany Melamine,
4013143P,4,Imperial 2 Door 3 Drawer Glazed Display Cabinet in Dark Mahogany Melamine,
4014143P,0,Imperial 2 Door 5 Drawer Sideboard in Dark Mahogany Melamine,20/08/2020
4014243P,1,Imperial 3 Door Glazed Sideboard in Dark Mahogany Melamine,
4015143P,3,Imperial Wide 4 Drawer TV Cabinet in Dark Mahogany Melamine,
4016143P,2,Imperial Wall Shelving Unit in Dark Mahogany Melamine,
4017043P,3,Imperial Coffee Table in Dark Mahogany Melamine,
4021244P,0,Chelsea 1 Door Wall Cupboard (RH Door) in white with an Truffle Oak Trim,Awaiting delivery date
4020444P,14,Chelsea Wall Mirror 109.5 cm Wide in White,
4020344P,9,Chelsea Wall Mirror 164 cm Wide in White,
4117157P,14,Madras Large Coffee Table with shelf in Champagne Melamine,
4117057P,9,Madras Small Coffee Table with shelf in Champagne Melamine,
3300147,23,4 You Bar table Sonama Oak,
4070151P,1,Claire Tall 2 Door Glazed Display Cabinet in Beech Melamine,
4071051P,1,Claire Tall 1 Drawer 2 door Storage Cabinet in Beech Melamine,
4051044P,2,4KIDS Tall 2 door cabinet with orange handles,
4051144P,-1,4KIDS Tall 2 drawer bookcase with orange handles,10/09/2020
4052044P,3,4KIDS 2 door 2 drawer wardrobe with orange handles,
4052144P,3,4KIDS Corner wardrobe with orange handles,
4053044P,2,4KIDS Low cabinet with shelves (sliding door) with orange handles,
4053144P,11,4KIDS 2 door 1 drawer cupboard with open shelf with orange handles,
4053244P,7,4KIDS 2 door 2 drawer cabinet with orange handles,
4053344P,3,4KIDS 1 door 1 drawer narrow cabinet with orange handles,
4053644P,-1,4KIDS 2 door 1 drawer cupboard with 2 open shelves with orange handles,10/09/2020
4054144P,7,4KIDS 2 door 4 drawer sideboard with orange handles,
4056044,2,4KIDS 81 cm wall shelf in light oak and white high gloss,
4056144,2,4KIDS 110 cm wall shelf in light oak and white high gloss,
4056244P,-5,4KIDS 70 cm sectioned wall shelf in light oak and white high gloss,30/07/2020
4058144P,6,4KIDS Desk in light oak and white high gloss,
4058544P,2,4KIDS 1 door desk mobile with orange handles,
4059044P,3,4KIDS Single bed with under drawer with orange handles,
4059544P,7,4KIDS 1 drawer bedside cabinet with orange handles,
1609000,33,Bed slats single beds Bed 3'' (90 cm wide) 98018,
1616000,47,Bed slats for Kingsize Bed (160 cm wide) 98032,
1618000,39,Bed slats for Super Kingsize Bed (180 cm wide) 98005,
4051221,11,4 You 2 Drawer low chest/ Bedside in Pearl White,
4190161,3,Shetland 1 Door 1 Drawer Narrow Glazed display cabinet,
4191061,-6,Shetland 2 Door 2 Drawer narrow cabinet,08/10/2020
4191161,4,Shetland Tall Narrow 3 Drawer bookcase,
4191261,-2,Shetland Tall wide 1 door 4 drawer bookcase,30/07/2020
4192161,0,Shetland 2 Door cupboard,20/08/2020
4193161,-4,Shetland 1 Door 4 drawer display cabinet,30/07/2020
4193261,-1,Shetland 1 Door 6 drawer cupboard,10/09/2020
4194161,4,Shetland 2 door 6 drawer chest,
4194261,-1,Shetland 1 Door 5 drawer cupboard,30/07/2020
4194361,2,Shetland 1 Door 3 drawer sideboard,
4195161,3,Shetland 1 Door 3 drawer TV cabinet,
4196161,-4,Shetland Wide wall shelf,20/08/2020
4197161,3,Shetland Coffee table with shelf,
4197661,2,Shetland Extending Dining Table,
4198061,-4,Shetland Desk ,10/09/2020
4058547,85,4 You Coffee Table/TV Unit In Sonama Oak,
4058447,4,4 You Wide Coffee Table/ TV Unit In Sonama Oak,
4058247,-7,4 You Coffee Table In Sonama Oak,08/10/2020
1.0102E+12,-1,Copenhagen Cream and Pine Package - Bedside - 2+4 Chest- 3 Door 4DRW Robe+Double bed,Awaiting delivery date
1614000,38,Bed slats for Double Bed (140 cm wide) 98003,
4029444,6,Chelsea Bedroom Kingsize Bed in white with an Oak trim with Lift Up Function,
4131100,5,Quadro 1 Point light fitting,
4131200,3,Quadro 2 Point light fitting,
4132100,4,Slim light fitting for wardrobes,
4134100,10,LED lighting (1 light),
4134200,42,LED lighting (2 lights),
4134300,5,LED lighting (3 lights),
4134400,6,LED lighting (4 lights),
4134600,6,LED lighting (6 lights),
4135100,12,Queen LED,
4136200,7,Prismatic Lighting (L-460 2PKT),
10201022301,-2,Scandi White Bedside - 2+4 Chest - 2 Door 2DRW combi robe package,Awaiting delivery date
10201042101,0,Scandi White Bedside - 2+4 Chest- 3 Door 5 Drawer Mirror Robe package,Awaiting delivery date
1.0201E+12,-2,Scandi White Bedside - 2+4 Chest- 3 Door 5 drawer Mirror Robe+Double bed package,Awaiting delivery date
4032345,4,Kensington 4 Door Wardrobe with 2 Mirror doors in Oak,
4032245,10,Kensington 3 Door Wardrobe with Centre Mirror door in Oak,
4033445,7,Kensington 5 Drawer Chest in Oak,
4034445,1,Kensington 4 + 4 Wide Chest of Drawers in Oak.,
4039145,3,Kensington 140cm Double Bed frame with lift up frame inc slats in Oak.,
4039245,4,Kensington 160cm King Bed frame with lift up frame inc slats in Oak.,
4039545,4,Kensington 2 Drawer Bedside Cabinet LH Drawer (wall fixing) in Oak.,
4039645,6,Kensington 2 Drawer Bedside Cabinet RH Drawer (wall fixing) in Oak.,
5010120,84,Milan High Back Chair Black Faux Leather. Set of 2,
5010101,44,Milan High Back Chair White Faux Leather. Set of 2,
5010111,17,Milan High Back Chair Dark Brown Faux Leather. Set of 2,
5070106,1,Siena Dining Chair Red Faux Leather. Set of 4,
4200144,9,Toronto Low glazed 2 door display cabinet with internal shelves (inc. Plexi Lighting),
4200244,1,Toronto Tall narrow glazed display cabinet with internal shelves (inc. Plexi Lighting),
4200644,0,Toronto Tall wide 2 Door glazed display cabinet. with internal shelves (inc. Plexi Lighting),Awaiting delivery date
4202144,6,Toronto 140 cm wide TV Cabinet,
4202244,32,Toronto 190 cm wide TV Cabinet,
4202344,0,Toronto 2 Door 3 Drawer Sideboard (inc. Plexi Lighting),20/08/2020
4202544,-2,Toronto Wide 4 Door 2 Drawer Sideboard (inc. Plexi Lighting),20/08/2020
4202744,2,Toronto Low 2 Door cabinet with open shelf (inc. Plexi Lighting),
4202944,3,Toronto 3 Door Sideboard with open shelving (inc. Plexi Lighting),
4202044,-1,Toronto 3 Door 1 Drawer Sideboard (inc. Plexi Lighting),08/10/2020
4203144,4,Toronto 125 cm Wall shelf,
4203244,0,Toronto 165 cm Wall shelf,20/08/2020
4203644,10,Toronto Rear Wall fitting for 190 cm TV Cabinet (inc. Tasma Flex Lighting),
4204244,0,Toronto 160 cm Dining Table,10/08/2020
4204644,0,Toronto Coffee Table with shelf,30/07/2020
4203744,2,Toronto Rear Wall fitting for 140 cm TV Cabinet (inc. Tasma Flex Lighting),
4211062,7,Angel Tall Narrow One Door 3 Drawer Narrow Cupboard,
4211162,-5,Angel Tall Narrow 3 Drawer Bookcase,30/07/2020
4212062,0,Angel 2 Door 2 Drawer Fitted Wardrobe,30/07/2020
4212162,-6,Angel Corner Fitted Wardrobe,20/08/2020
4213162,-4,Angel 3 door 1 Drawer Cupboard,10/09/2020
4213262,1,Angel 3 Drawer Cupboard with Open Shelf,
4213362,-2,Angel 4 Door 2 Drawer Cupboard,20/08/2020
4213562,-1,Angel 1 Door 3 Drawer Chest,30/07/2020
4214162,-2,Angel 1 Door 2+3 drawer Chest,30/07/2020
4214262,1,Angel 2 Door 3+3 Drawer Wide Chest,
4214362,-8,Angel 2+3 Chest of Drawers,30/07/2020
4214462,-2,Angel 1 Drawer Low Bookcase,10/09/2020
4216062,1,Angel Top Unit for Desk,
4216162,-2,Angel 118.7cm Wall Shelf,10/09/2020
4216262,0,Angel 84cm Wall Shelf,30/07/2020
4218062,-6,Angel 2 Drawer 1 Door Desk,30/07/2020
4219062,-2,Angel Single Bed with underbed Drawer (Inc Slats),10/09/2020
4219562,5,Angel 1 Drawer Bedside Cabinet,
4051041,2,4KIDS Tall 2 door cabinet with lemon handles,
4051040,2,4KIDS Tall 2 door cabinet with lilac handles,
4051039,2,4KIDS Tall 2 door cabinet with opalino handles,
4051141,-1,4KIDS Tall 2 drawer bookcase with lemon handles,Awaiting delivery date
4051140,-1,4KIDS Tall 2 drawer bookcase with lilac handles,Awaiting delivery date
4051139,-1,4KIDS Tall 2 drawer bookcase with opalino handles,Awaiting delivery date
4052041,3,4KIDS 2 door 2 drawer wardrobe with lemon handles,
4052040,3,4KIDS 2 door 2 drawer wardrobe with lilac handles,
4052039,3,4KIDS 2 door 2 drawer wardrobe with opalino handles,
4052141,3,4KIDS Corner wardrobe with lemon handles,
4052140,3,4KIDS Corner wardrobe with lilac handles,
4052139,3,4KIDS Corner wardrobe with opalino handles,
4053041,2,4KIDS Low cabinet with shelves (sliding door) with lemon handles,
4053040,2,4KIDS Low cabinet with shelves (sliding door) with lilac handles,
4053039,2,4KIDS Low cabinet with shelves (sliding door) with opalino handles,
4053141,11,4KIDS 2 door 1 drawer cupboard with open shelf with lemon handles,
4053140,11,4KIDS 2 door 1 drawer cupboard with open shelf with lilac handles,
4053139,11,4KIDS 2 door 1 drawer cupboard with open shelf with opalino handles,
4053241,7,4KIDS 2 door 2 drawer cabinet with lemon handles,
4053240,7,4KIDS 2 door 2 drawer cabinet with lilac handles,
4053239,7,4KIDS 2 door 2 drawer cabinet with opalino handles,
4053341,3,4KIDS 1 door 1 drawer narrow cabinet with lemon handles,
4053340,3,4KIDS 1 door 1 drawer narrow cabinet with lilac handles,
4053339,3,4KIDS 1 door 1 drawer narrow cabinet with opalino handles,
4053641,-1,4KIDS 2 door 1 drawer cupboard with 2 open shelves with lemon handles,Awaiting delivery date
4053640,-1,4KIDS 2 door 1 drawer cupboard with 2 open shelves with lilac handles,Awaiting delivery date
4053639,-1,4KIDS 2 door 1 drawer cupboard with 2 open shelves with opalino handles,Awaiting delivery date
4054141,7,4KIDS 2 door 4 drawer sideboard with lemon handles,
4054140,7,4KIDS 2 door 4 drawer sideboard with lilac handles,
4054139,7,4KIDS 2 door 4 drawer sideboard with opalino handles,
4058541,2,4KIDS 1 door desk mobile with lemon handles,
4058540,2,4KIDS 1 door desk mobile with lilac handles,
4058539,2,4KIDS 1 door desk mobile with opalino handles,
4059041,3,4KIDS Single bed with under drawer with lemon handles,
4059040,3,4KIDS Single bed with under drawer with lilac handles,
4059039,3,4KIDS Single bed with under drawer with opalino handles,
4059541,7,4KIDS 1 drawer bedside cabinet with lemon handles,
4059540,7,4KIDS 1 drawer bedside cabinet with lilac handles,
4059539,7,4KIDS 1 drawer bedside cabinet with opalino handles,
40544Orange,83,4KIDS 44 Orange Colour Handles,
40541Lemon,94,4KIDS 41 Lemon Colour Handles,
40540Lilac,54,4KIDS 40 Lilac Colour Handles,
40539Opalino,82,4KIDS 39 Opalino Colour Handles,
4225262,0,Aspen 2 Door Tall cupboard/Wardrobe (Inc LED lighting) in Riviera Oak,Awaiting delivery date
4051847,28,4 You Wide Nest of Tables 1+2,
4051947,28,4 You Small Nest of Tables 1+1+1,
4251064,1,Provence Tall narrow cabinet 2 drawer 1 door,
4254564,-1,Provence Wide glazed display cabinet 4 door 4 drawer,Awaiting delivery date
4260165,6,Lyon 2 drawer TV cabinet in Riviera Oak/White High Gloss,
4260265,3,Lyon 1 drawer TV cabinet with open shelf in Riviera Oak/White High Gloss,
4260365,2,Lyon 2 door 3 drawer sideboard in Riviera Oak/White High Gloss,
4260465,4,Lyon 3 door glazed sideboard in Riviera Oak/White High Gloss,
4260565,-1,Lyon 120cm wall shelf in Riviera Oak/White,08/10/2020
4260665,0,Lyon 140cm wall shelf in Riviera Oak/White,10/09/2020
4260765,1,Lyon 130cm wall shelf in Riviera Oak/White,
4260865,2,Lyon Designer coffee table in Riviera Oak/White High Gloss,
4260965,5,Lyon Designer coffee table on wheels in Riviera Oak/White High Gloss,
4261065,3,Lyon Narrow display cabinet (LHD) 164.1cm high in Riviera Oak/White High Gloss,
4261165,3,Lyon Narrow display cabinet (RHD) 164.1cm high in Riviera Oak/White High Gloss,
4261265,6,Lyon Narrow display cabinet (LHD) 123.6cm high in Riviera Oak/White High Gloss.,
4261365,5,Lyon Narrow display cabinet (RHD) 123.6cm high in Riviera Oak/White High Gloss,
4261465,3,Lyon Tall narrow display cabinet (LHD) in Riviera Oak/White High Gloss,
4261565,4,Lyon Tall narrow display cabinet (RHD) in Riviera Oak/White High Gloss,
4261665,3,Lyon 2 door designer cabinet (LH) in Riviera Oak/White High Gloss,
4261765,3,Lyon 2 door designer cabinet (RH) in Riviera Oak/White High Gloss,
4260166,-2,Lyon 2 drawer TV cabinet in Platinum/Light Grey Gloss,08/10/2020
4260266,-1,Lyon 1 drawer TV cabinet with open shelf in Platinum/Light Grey Gloss,10/08/2020
4260366,-4,Lyon 2 door 3 drawer sideboard in Platinum/Light Grey Gloss,20/08/2020
4260466,-2,Lyon 3 door glazed sideboard in Platinum/Light Grey Gloss,30/07/2020
4260566,4,Lyon 120cm wall shelf in Platinum/Light Grey,
4260666,7,Lyon 140cm wall shelf in Platinum/Light Grey,
4260766,5,Lyon 130cm wall shelf in Platinum/Light Grey,
4260866,7,Lyon Designer coffee table in Platinum/Light Grey Gloss,
4260966,4,Lyon Designer coffee table on wheels in Platinum/Light Grey Gloss,
4261066,-3,Lyon Narrow display cabinet (LHD) 164.1cm high in Platinum/Light Grey Gloss,20/08/2020
4261166,0,Lyon Narrow display cabinet (RHD) 164.1cm high in Platinum/Light Grey Gloss,10/09/2020
4261266,2,Lyon Narrow display cabinet (LHD) 123.6cm high in Platinum/Light Grey Gloss,
4261366,3,Lyon Narrow display cabinet (RHD) 123.6cm high in Platinum/Light Grey Gloss,
4261466,4,Lyon Tall narrow display cabinet (LHD) in Platinum/Light Grey Gloss,
4261566,5,Lyon Tall narrow display cabinet (RHD) in Platinum/Light Grey Gloss,
4261666,3,Lyon 2 door designer cabinet (LH) in Platinum/Light Grey Gloss,
4261766,5,Lyon 2 door designer cabinet (RH) in Platinum/Light Grey Gloss,
4270101,21,Hampshire 3 drawer bedside in white textured MDF and white melamine,
4270201,7,Hampshire 5 drawer narrow chest in white textured MDF and white melamine.,
4270301,41,Hampshire 3 drawer wide chest in white textured MDF and white melamine,
4270401,19,Hampshire 2 plus 4 chest of drawers in white textured MDF and white melamine,
4270501,12,Hampshire Ottoman in white textured MDF and white melamine,
4270601,-12,Hampshire 3 drawer dressing table in white textured MDF and white melamine,20/08/2020
4270701,10,Hampshire 2 door robe in white textured MDF and white melamine,
4270801,2,Hampshire 2 door 2 drawer robe in white textured MDF and white melamine,
4270901,6,Hampshire 3 door 4 drawer robe in white textured MDF and white melamine,
4052221,21,4 You Single bed in Pearl White,
4052021,-1,4 You 2 door wardrobe in Pearl White,Awaiting delivery date
4219962,5,Angel Cot Drawer,
5010153,32,Milan High Back Chair Grey Faux Leather. Set of 2,
1613600,1,Bed slats for Double Bed 4'6'' (136 cm wide),
4212262,0,Angel 3 Door Wardrobe,10/09/2020
4219162,1,Angel 140 cm double bed,
4219262,0,Angel 160 cm kingsize bed,10/09/2020
4219362,6,Angel 180 cm super kingsize bed,
4219662,-3,Angel Underbed drawer,30/07/2020
4261865,2,Lyon Bookcase (RH) in Riviera Oak/White High Gloss,
4261965,5,Lyon Bookcase (LH) in Riviera Oak/White High Gloss,
4267565,4,Lyon Small extending dining table 90/180cm in Riviera Oak/White High Gloss,
4267665,2,Lyon Medium extending dining table 140/180 cm in Riviera Oak/White High Gloss,
4267765,1,Lyon Large extending dining table 160/200 cm in Riviera Oak/White High Gloss,
4281144,5,Toledo 1 door display cabinet (LH),
4281244,1,Toledo 1 door display cabinet (RH),
4281344,3,Toledo 1 door low display cabinet (LH),
4281444,3,Toledo 1 door low display cabinet (RH),
4284144,14,Toledo 2 door sideboard,
4284244,2,Toledo 2 door 4 drawer sideboard,
4284444,3,Toledo 4 door 2 drawer sideboard,
4285144,3,Toledo 2 door 1 drawer TV unit,
4285244,15,Toledo 2 door 1 drawer wide TV unit,
4286144,-1,Toledo wallshelf,30/07/2020
4287144,4,Toledo coffee table,
4287244,8,Toledo wide coffee table,
4287544,11,Toledo extending dining table,
4291168,5,Havana 1 door 1 drawer display cabinet,
4291268,6,Havana 2 door display cabinet,
4293168,3,Havana 2 door cupboard with open shelf,
4293268,2,Havana 2 door tall cupboard with open shelf,
4294168,8,Havana 3 door 3 drawer sideboard,
4294268,3,Havana 3 door sideboard,
4295168,12,Havana 2 door 1 drawer TV unit,
4295268,5,Havana 2 drawer TV unit,
4296168,2,Havana wall shelf ,
4297168,6,Havana coffee table,
4297568,6,Havana extending dining table,
4302267,4,Monaco 3 door wardrobe with mirror door,
4302367,2,Monaco 4 door wardrobe with mirror doors,
4304167,1,Monaco 2 door 5 drawer wide cupboard,
4304267,3,Monaco 4 drawer chest,
4304467,4,Monaco 5 drawer chest,
4309167,4,Monaco 140 cm double bed,
4309267,1,Monaco 160 cm king size bed,
4309367,6,Monaco 180 cm super king size bed,
4309767,2,Monaco 1 drawer bedside with open shelf (RH),
4309867,3,Monaco 1 drawer bedside with open shelf (LH),
60120116,10,Cleveland 2-Seater Sofa in Nova Antracit,
60120107,2,Cleveland 2-Seater Sofa in Nova Light Grey,
60110107,9,Cleveland Armchair in Nova Light Grey,
60110116,0,Cleveland Armchair in Nova Antracit,Awaiting delivery date
60130107,9,Cleveland 3-Seater Sofa in Nova Light Grey,
60130116,6,Cleveland 3-Seater Sofa in Nova Antracit,
60140107,2,Cleveland Chaiselongue Sofa (RH) in Nova Light Grey,
60140116,7,Cleveland Chaiselongue Sofa (RH) in Nova Antracit,
60142107,7,Cleveland Chaiselongue Sofa (LH) in Nova Light Grey,
60142116,6,Cleveland Chaiselongue Sofa (LH) in Nova Antracit,
60160107,5,Cleveland Footstool in Nova Light Grey,
60160116,3,Cleveland Footstool in Nova Antracit,
60170107,11,Cleveland Neckpillow in Nova Light Grey,
60170116,19,Cleveland Neckpillow in Nova Antracit,
1042252,7,Florence 2 door 2 drawer Wardrobe in Soft Grey,
1040152,18,Florence 3 drawer bedside in Soft Grey,
1040252,30,Florence 3 drawer chest in Soft Grey,
1040352,29,Florence 4+2 chest in Soft Grey,
1040452,22,Florence 3 drawer Dressing Table in Soft Grey,
1042420,10,Florence 3 Door 4 Drawer wardrobe with mirror in Black,
1042452,8,Florence 3 Door 4 Drawer wardrobe with mirror in Soft Grey,
1040620,1,Florence 3+3 drawer chest in Black,
1040652,3,Florence 3+3 drawer chest in Soft Grey,
4138400,14,Butterfly Reading lamp,
4138300,4,Monaco LED L970 pipe light,
4138200,15,Flexi Light - 2 Lights with USB charger,
4137100,11,Square 1 P. With foot switch,
4137200,28,Square 2 P. With foot switch,
4137300,13,Square 3 P. With foot switch,
4137400,11,Clips Dojo 3D 2 P with foot switch,
4137500,26,Clips Dojo 3D 1 P with foot switch,
4138140,2,Warm White LED strip for Monaco 140 cm bed,
4138160,2,Warm White LED strip for Monaco 160 cm bed,
4138180,4,Warm White LED strip for Monaco 180 cm bed,
4320156,4,Cortina Mirror in Grandson Oak,
4321056,2,Cortina Tall cupboard (RH) in Grandson Oak,
4321156,0,Cortina Tall cupboard (LH) in Grandson Oak,20/08/2020
4321256,2,Cortina Tall glazed display cabinet (RH) in Grandson Oak,
4321356,0,Cortina Tall glazed display cabinet (LH) in Grandson Oak,08/10/2020
4321456,3,Cortina Low wide 2 door display cabinet in Grandson Oak,
4321556,-2,Cortina Tall wide 2 door glazed display cabinet in Grandson Oak,20/08/2020
4323156,10,Cortina 2 door shoe cabinet in Grandson Oak,
4324156,5,Cortina 2 door cabinet in Grandson Oak,
4324256,2,Cortina 3 door 1 drawer sideboard in Grandson Oak,
4324356,3,Cortina 3 door glazed sideboard in Grandson Oak,
4324456,4,Cortina 4 door wide glazed sideboard in Grandson Oak,
4325056,2,Cortina 2 drawer TV cabinet in Grandson Oak,
4325156,10,Cortina 2 door 1 drawer wide TV cabinet in Grandson Oak,
4325256,7,Cortina 2 door 1 drawer tall TV cabinet in Grandson Oak,
4326156,6,Cortina Wall shelf 117 cm in Grandson Oak,
4326256,5,Cortina Wall shelf 156 cm in Grandson Oak,
4327156,0,Cortina 1 drawer coffee table in Grandson Oak,20/08/2020
4327556,6,Cortina Extending dining table in Grandson Oak,
4027544,7,Chelsea Living Extending Dining Table in white with an Truffle Oak Trim,
4341053,5,Brolo Wide 1 door bookcase With the walnut and dark panel finish,
4331067,2,Zingaro Low display cabinet (RH),
4331167,-1,Zingaro Low display cabinet (LH),08/10/2020
4331267,-1,Zingaro Tall Glazed display cabinet (RH),30/07/2020
4331367,1,Zingaro Tall Glazed display cabinet (LH),
4331467,-1,Zingaro Tall display cabinet (RH),08/10/2020
4331567,-1,Zingaro Tall display cabinet (LH),30/07/2020
4334167,1,Zingaro 1 door 2 drawer 1 compartment sideboard,
4334267,-1,Zingaro 2 door 2 drawer 1 compartment sideboard,10/09/2020
4335167,5,Zingaro 1 door 1 drawer TV cabinet,
4335267,9,Zingaro 1 door 2 drawer wide TV cabinet,
4336167,3,Zingaro Wall shelf 133 cm,
4336267,2,Zingaro Wall shelf 163 cm,
4337167,-2,Zingaro 2 drawer coffee table,20/08/2020
4337567,0,Zingaro Dining table,08/10/2020
4341153,2,Brolo Tall Bookcase With the walnut and dark panel finish,
4341253,2,Brolo Tall glazed display cabinet (RH) With the walnut and dark panel finish,
4341353,3,Brolo Tall glazed display cabinet (LH) With the walnut and dark panel finish,
4341453,2,Brolo tall wide glazed display cabinet With the walnut and dark panel finish,
4344153,0,Brolo 2 door 2 drawer TV unit With the walnut and dark panel finish,30/07/2020
4344253,0,Brolo 3 door 1 drawer sideboard With the walnut and dark panel finish,10/09/2020
4344353,1,Brolo 3 door 1 drawer wide sideboard With the walnut and dark panel finish,
4346153,2,Brolo 167cm Wall Shelf With the walnut and dark panel finish,
4346253,2,Brolo Wall Shelf 197cm With the walnut and dark panel finish,
4347153,4,Brolo Coffee Table With the walnut and dark panel finish,
4347553,2,Brolo Extending Dining Table With the walnut and dark panel finish,
4058021,-3,4 You 1 door 1 drawer desk in Pearl White,Awaiting delivery date
4027544401,7,Dining set package Chelsea Living Extending Dining Table + 4 Milan High Back Chair White.,
4027544411,7,Dining set package Chelsea Living Extending Dining Table + 4 Milan High Back Chair Dark Brown,
4027544420,7,Dining set package Chelsea Living Extending Dining Table + 4 Milan High Back Chair Black,
4027544453,7,Dining set package Chelsea Living Extending Dining Table + 4 Milan High Back Chair Gray,
4027544601,7,Dining set package Chelsea Living Extending Dining Table + 6 Milan High Back Chair White.,
4027544611,5,Dining set package Chelsea Living Extending Dining Table + 6 Milan High Back Chair Dark Brown,
4027544620,7,Dining set package Chelsea Living Extending Dining Table + 6 Milan High Back Chair Black,
4027544653,7,Dining set package Chelsea Living Extending Dining Table + 6 Milan High Back Chair Gray,
4037545,0,Kensington Extending Dining Table in Oak,30/07/2020
4037545401,0,Dining set package Kensington Extending Dining Table + 4 Milan High Back Chair White,Awaiting delivery date
4037545411,0,Dining set package Kensington Extending Dining Table + 4 Milan High Back Chair Dark Brown,Awaiting delivery date
4037545420,0,Dining set package Kensington Extending Dining Table + 4 Milan High Back Chair Black,Awaiting delivery date
4037545453,0,Dining set package Kensington Extending Dining Table + 4 Milan High Back Chair Grey,Awaiting delivery date
4037545601,0,Dining set package Kensington Extending Dining Table + 6 Milan High Back Chair White,Awaiting delivery date
4037545611,0,Dining set package Kensington Extending Dining Table + 6 Milan High Back Chair Dark Brown,Awaiting delivery date
4037545620,0,Dining set package Kensington Extending Dining Table + 6 Milan High Back Chair Black,Awaiting delivery date
4037545653,0,Dining set package Kensington Extending Dining Table + 6 Milan High Back Chair Grey,Awaiting delivery date
4147543P401,5,Dining set package Pello Extending Dining Table in Dark Mahogany + 4 Milan High Back Chair White,
4147543P411,5,Dining set package Pello Extending Dining Table in Dark Mahogany + 4 Milan High Back Chair Dark Brown,
4147543P420,5,Dining set package Pello Extending Dining Table in Dark Mahogany + 4 Milan High Back Chair Black,
4147543P453,5,Dining set package Pello Extending Dining Table in Dark Mahogany + 4 Milan High Back Chair Grey,
4147543P601,5,Dining set package Pello Extending Dining Table in Dark Mahogany + 6 Milan High Back Chair White,
4147543P611,5,Dining set package Pello Extending Dining Table in Dark Mahogany + 6 Milan High Back Chair Dark Brown,
4147543P620,5,Dining set package Pello Extending Dining Table in Dark Mahogany + 6 Milan High Back Chair Black,
4147543P653,5,Dining set package Pello Extending Dining Table in Dark Mahogany + 6 Milan High Back Chair Grey,
4197661401,2,Dining set package Shetland Extending Dining Table + 4 Milan High Back Chair White.,
4197661411,2,Dining set package Shetland Extending Dining Table + 4 Milan High Back Chair Dark Brown.,
4197661420,2,Dining set package Shetland Extending Dining Table + 4 Milan High Back Chair Black.,
4197661453,2,Dining set package Shetland Extending Dining Table + 4 Milan High Back Chair Grey.,
4197661601,2,Dining set package Shetland Extending Dining Table + 6 Milan High Back Chair White.,
4197661611,2,Dining set package Shetland Extending Dining Table + 6 Milan High Back Chair Dark Brown.,
4197661620,2,Dining set package Shetland Extending Dining Table + 6 Milan High Back Chair Black.,
4197661653,2,Dining set package Shetland Extending Dining Table + 6 Milan High Back Chair Grey.,
4204244401,0,Dining set package Toronto 160 cm Dining Table + 4 Milan High Back Chair White.,Awaiting delivery date
4204244411,0,Dining set package Toronto 160 cm Dining Table + 4 Milan High Back Chair Dark Brown.,Awaiting delivery date
4204244420,0,Dining set package Toronto 160 cm Dining Table + 4 Milan High Back Chair Black.,Awaiting delivery date
4204244453,0,Dining set package Toronto 160 cm Dining Table + 4 Milan High Back Chair Grey.,Awaiting delivery date
4204244601,0,Dining set package Toronto 160 cm Dining Table + 6 Milan High Back Chair White.,Awaiting delivery date
4204244611,0,Dining set package Toronto 160 cm Dining Table + 6 Milan High Back Chair Dark Brown.,Awaiting delivery date
4204244620,0,Dining set package Toronto 160 cm Dining Table + 6 Milan High Back Chair Black.,Awaiting delivery date
4204244653,0,Dining set package Toronto 160 cm Dining Table + 6 Milan High Back Chair Grey.,Awaiting delivery date
4267565401,4,Dining set package Lyon Small extending dining table 90/180cm + 4 Milan High Back Chair White.,
4267565411,4,Dining set package Lyon Small extending dining table 90/180cm + 4 Milan High Back Chair Dark Brown.,
4267565420,4,Dining set package Lyon Small extending dining table 90/180cm + 4 Milan High Back Chair Black.,
4267565453,4,Dining set package Lyon Small extending dining table 90/180cm + 4 Milan High Back Chair Grey.,
4267565601,4,Dining set package Lyon Small extending dining table 90/180cm + 6 Milan High Back Chair White.,
4267565611,4,Dining set package Lyon Small extending dining table 90/180cm + 6 Milan High Back Chair Dark Brown.,
4267565620,4,Dining set package Lyon Small extending dining table 90/180cm + 6 Milan High Back Chair Black.,
4267565653,4,Dining set package Lyon Small extending dining table 90/180cm + 6 Milan High Back Chair Grey.,
4267665401,2,Dining set package Lyon Medium extending dining table 140/180 cm + 4 Milan High Back Chair White.,
4267665411,2,Dining set package Lyon Medium extending dining table 140/180 cm + 4 Milan High Back Chair Dark Brown.,
4267665420,2,Dining set package Lyon Medium extending dining table 140/180 cm + 4 Milan High Back Chair Black.,
4267665453,2,Dining set package Lyon Medium extending dining table 140/180 cm + 4 Milan High Back Chair Grey.,
4267665601,2,Dining set package Lyon Medium extending dining table 140/180 cm + 6 Milan High Back Chair White.,
4267665611,2,Dining set package Lyon Medium extending dining table 140/180 cm + 6 Milan High Back Chair Dark Brown.,
4267665620,2,Dining set package Lyon Medium extending dining table 140/180 cm + 6 Milan High Back Chair Black.,
4267665653,2,Dining set package Lyon Medium extending dining table 140/180 cm + 6 Milan High Back Chair Grey.,
4267765401,1,Dining set package Lyon Large extending dining table 160/200 cm + 4 Milan High Back Chair White.,
4267765411,1,Dining set package Lyon Large extending dining table 160/200 cm + 4 Milan High Back Chair Dark Brown.,
4267765420,1,Dining set package Lyon Large extending dining table 160/200 cm + 4 Milan High Back Chair Black.,
4267765453,1,Dining set package Lyon Large extending dining table 160/200 cm + 4 Milan High Back Chair Grey.,
4267765601,1,Dining set package Lyon Large extending dining table 160/200 cm + 6 Milan High Back Chair White.,
4267765611,1,Dining set package Lyon Large extending dining table 160/200 cm + 6 Milan High Back Chair Dark Brown.,
4267765620,1,Dining set package Lyon Large extending dining table 160/200 cm + 6 Milan High Back Chair Black.,
4267765653,1,Dining set package Lyon Large extending dining table 160/200 cm + 6 Milan High Back Chair Grey.,
4287544401,11,Dining set package Toledo extending dining table + 4 Milan High Back Chair White.,
4287544411,8,Dining set package Toledo extending dining table + 4 Milan High Back Chair Dark Brown.,
4287544420,11,Dining set package Toledo extending dining table + 4 Milan High Back Chair Black.,
4287544453,11,Dining set package Toledo extending dining table + 4 Milan High Back Chair Grey.,
4287544601,11,Dining set package Toledo extending dining table + 6 Milan High Back Chair White.,
4287544611,5,Dining set package Toledo extending dining table + 6 Milan High Back Chair Dark Brown.,
4287544620,11,Dining set package Toledo extending dining table + 6 Milan High Back Chair Black.,
4287544653,10,Dining set package Toledo extending dining table + 6 Milan High Back Chair Grey.,
4297568401,6,Dining set package Havana extending dining table + 4 Milan High Back Chair White.,
4297568411,6,Dining set package Havana extending dining table + 4 Milan High Back Chair Dark Brown.,
4297568420,6,Dining set package Havana extending dining table + 4 Milan High Back Chair Black.,
4297568453,6,Dining set package Havana extending dining table + 4 Milan High Back Chair Grey.,
4297568601,6,Dining set package Havana extending dining table + 6 Milan High Back Chair White.,
4297568611,5,Dining set package Havana extending dining table + 6 Milan High Back Chair Dark Brown.,
4297568620,6,Dining set package Havana extending dining table + 6 Milan High Back Chair Black.,
4297568653,6,Dining set package Havana extending dining table + 6 Milan High Back Chair Grey.,
4327556401,6,Dining set package Cortina Extending dining table in Grandson Oak + 4 Milan High Back Chair White.,
4327556411,6,Dining set package Cortina Extending dining table in Grandson Oak + 4 Milan High Back Chair Dark Brown.,
4327556420,6,Dining set package Cortina Extending dining table in Grandson Oak + 4 Milan High Back Chair Black.,
4327556453,6,Dining set package Cortina Extending dining table in Grandson Oak + 4 Milan High Back Chair Grey.,
4327556601,6,Dining set package Cortina Extending dining table in Grandson Oak + 6 Milan High Back Chair White.,
4327556611,5,Dining set package Cortina Extending dining table in Grandson Oak + 6 Milan High Back Chair Dark Brown.,
4327556620,6,Dining set package Cortina Extending dining table in Grandson Oak + 6 Milan High Back Chair Black.,
4327556653,6,Dining set package Cortina Extending dining table in Grandson Oak + 6 Milan High Back Chair Grey.,
4337567401,0,Dining set package Zingaro Dining table + 4 Milan High Back Chair White.,Awaiting delivery date
4337567411,0,Dining set package Zingaro Dining table + 4 Milan High Back Chair Dark Brown.,Awaiting delivery date
4337567420,0,Dining set package Zingaro Dining table + 4 Milan High Back Chair Black.,Awaiting delivery date
4337567453,0,Dining set package Zingaro Dining table + 4 Milan High Back Chair Grey.,Awaiting delivery date
4337567601,0,Dining set package Zingaro Dining table + 6 Milan High Back Chair White.,Awaiting delivery date
4337567611,0,Dining set package Zingaro Dining table + 6 Milan High Back Chair Dark Brown.,Awaiting delivery date
4337567620,0,Dining set package Zingaro Dining table + 6 Milan High Back Chair Black.,Awaiting delivery date
4337567653,0,Dining set package Zingaro Dining table + 6 Milan High Back Chair Grey.,Awaiting delivery date
4347553401,2,Dining set package Brolo Extending Dining Table + 4 Milan High Back Chair White.,
4347553411,2,Dining set package Brolo Extending Dining Table + 4 Milan High Back Chair Dark Brown.,
4347553420,2,Dining set package Brolo Extending Dining Table + 4 Milan High Back Chair Black.,
4347553453,2,Dining set package Brolo Extending Dining Table + 4 Milan High Back Chair Grey.,
4347553601,2,Dining set package Brolo Extending Dining Table + 6 Milan High Back Chair White.,
4347553611,2,Dining set package Brolo Extending Dining Table + 6 Milan High Back Chair Dark Brown,
4347553620,2,Dining set package Brolo Extending Dining Table + 6 Milan High Back Chair Black,
4347553653,2,Dining set package Brolo Extending Dining Table + 6 Milan High Back Chair Grey.,
7187177461,0,*Basic Low Narrow Bookcase (2 Shelves) in Black Woodgrain,Awaiting delivery date
71871774ak,8,Basic Low Narrow Bookcase (2 Shelves) in Oak,
71871774dj,2,Basic Low Narrow Bookcase (2 Shelves) in Walnut,
7187177449,4,Basic Low Narrow Bookcase (2 Shelves) in White,
7187177661,10,*Basic Low Wide Bookcase (2 Shelves) in Black Woodgrain,
71871776ak,12,Basic Low Wide Bookcase (2 Shelves) in Oak,
71871776dj,9,Basic Low Wide Bookcase (2 Shelves) in Walnut,
7187177649,31,Basic Low Wide Bookcase (2 Shelves) in White,
7187177561,12,*Basic Tall Narrow Bookcase (4 Shelves) in Black Woodgrain,
71871775ak,15,Basic Tall Narrow Bookcase (4 Shelves) in Oak,
71871775dj,19,Basic Tall Narrow Bookcase (4 Shelves) in Walnut,
7187177549,39,Basic Tall Narrow Bookcase (4 Shelves) in White,
7187177761,18,*Basic Tall Wide Bookcase (4 Shelves) in Black Woodgrain,
71871777ak,1,Basic Tall Wide Bookcase (4 Shelves) in Oak,
71871777dj,12,Basic Tall Wide Bookcase (4 Shelves) in Walnut,
7187177749,30,Basic Tall Wide Bookcase (4 Shelves) in White,
71771009akak,6,*Shoes Shoe Cabinet 1 Door w/ Mirror in Oak,
7.1771E+11,10,*Shoes Shoe Cabinet 1 Door w/ Mirror in White,
71980122ak,117,Function Plus Desk 2 Drawers in Oak - FSC Mix 70 % NC-COC-060652,
71980122dj,41,Function Plus Desk 2 Drawers in Walnut FSC Mix 70 % NC-COC-060652,
71980122uu,131,Function Plus Desk 2 Drawers in White High Gloss FSC Mix 70 % NC-COC-060652,
71980134akak,80,Function Plus Desk 3 Drawers in Oak FSC Mix 70 % NC-COC-060652,
7.19801E+11,67,Function Plus Desk 3 Drawers in White FSC Mix 70 % NC-COC-060652,
71980163akak,74,Function Plus Desk 5 Drawers in Oak,
7.19802E+11,72,Function Plus Desk 5 Drawers in White,
71980118gmak,-4,Function Plus Corner Desk 2 Drawers in Black Matt and Oak FSC Mix 70 % NC-COC-060652,23/07/2020
71980118djdj,-5,Function Plus Corner Desk 2 Drawers in Walnut,10/08/2020
70770160akuu,2,Homeline Bedside 1 Drawer in Oak with White High Gloss,
7072000265akuu,4,Homeline Bedside 2 Drawers in Oak with White High Gloss,
70779937akuu,5,Homeline Chest of 4 Drawers in Oak with White High Gloss,
70779938akuu,5,Homeline Sideboard 4 Drawers 1 Door in Oak with White High Gloss,
70779940akuu,3,Homeline Sideboard 2 Doors in Oak with White High Gloss,
70779939akuu,2,Homeline Wide Chest of 8 Drawers (4+4) in Oak with White High Gloss,
70775328akuuuu,4,Homeline Wardrobe - 2 Doors 2 Drawers in Oak with White High Gloss,
70775329akuuuu,2,Homeline Wardrobe - 3 Doors 2 Drawers in Oak with White High Gloss,
706702394949ak,13,Line Bedside 2 Drawers in White and Oak,
706702384949ak,7,Line Chest of 3 Drawers in White and Oak,
706702364949ak,11,Line Chest of 5 Drawers (2+3) in White and Oak,
706702374949ak,23,Line Wide Chest of 6 Drawers (3+3) in White and Oak,
70674321akuu,7,Line Wardrobe - 2 Doors 4 Drawers in Oak with White High Gloss,
706702354949ak,6,Line Wardrobe - 2 Doors 4 Drawers in White and Oak,
70674320akuu,8,Line Wardrobe - 3 Doors 6 Drawers in Oak with White High Gloss,
71170066uuuu,13,Match TV Unit 1 Drawers 2 Shelf in White High Gloss,
71170189uuuu,69,Match TV Unit 2 Drawers 2 Shelf in White High Gloss,
71170041akak,1,Match TV Unit 2 Doors 1 Drawer 1 Shelf in Oak,
71169992ak5349,1,Match TV Unit 2 Drawers w/ Media Compartment in Oak with Dark Grey and White,
7087033186,19,May Bedside 1 Drawer in Black,
7087033120,13,May Bedside 1 Drawer in Dark Walnut,
70870331cn,30,May Bedside 1 Drawer in Grey,
7087033149,11,May Bedside 1 Drawer in White,
7087033286,8,May Chest of 3 Drawers in Black,
70870332cn,44,May Chest of 3 Drawers in Grey,
7087033249,21,May Chest of 3 Drawers in White,
7.08703E+11,5,May Chest of 5 Drawers in Black,
7.08703E+11,5,May Chest of 5 Drawers in Dark Walnut,
70870329cncn,16,May Chest of 5 Drawers in Grey,
7.08703E+11,18,May Chest of 5 Drawers in White,
71471735ak86,5,Maze Open Bookcase 4 Shelves in Oak and Black,
70271082gm,16,Naia Bedside - 1 Drawer 1 Shelf in Black Matt,
70271082cj,1,*Naia Bedside - 1 Drawer 1 Shelf in Truffle Oak,
70276238uu,16,Naia Bedside - 1 Drawer 1 Shelf in White High Gloss,
70271078gm,4,Naia Bedside - 3 Drawers in Black Matt,
70271078cj,4,*Naia Bedside - 3 Drawers in Truffle Oak,
70276237uu,-4,Naia Bedside - 3 Drawers in White High Gloss,10/08/2020
70271076gm,25,Naia Chest of 3 Drawers in Black Matt,
70271076cj,11,*Naia Chest of 3 Drawers in Truffle Oak,
70276235uu,21,Naia Chest of 3 Drawers in White High Gloss,
70271073gm,11,Naia Narrow Chest of 5 Drawers in Black Matt,
70271073cj,0,*Naia Narrow Chest of 5 Drawers in Truffle Oak,24/07/2020
70276233uu,97,Naia Narrow Chest of 5 Drawers in White High Gloss,
70271075gm,9,Naia Sideboard - 1 Drawer 2 Doors in Black Matt,
70271075cj,2,*Naia Sideboard - 1 Drawer 2 Doors in Truffle Oak,
70276234uu,16,Naia Sideboard - 1 Drawer 2 Doors in White High Gloss,
70271071gm,8,Naia Chest of 5 Drawers in Black Matt,
70271071cj,0,*Naia Chest of 5 Drawers in Truffle Oak,Awaiting delivery date
70276231uu,-3,Naia Chest of 5 Drawers in White High Gloss,14/09/2020
70270296cj,26,Naia Wide Chest of 6 Drawers (3+3) in Truffle Oak,
70271077gm,5,Naia Sideboard - 4 Drawers 2 Doors in Black Matt,
70271077cj,2,*Naia Sideboard - 4 Drawers 2 Doors in Truffle Oak,
70276236uu,4,Naia Sideboard - 4 Drawers 2 Doors in White High Gloss,
70271072gm,3,Naia Wide Chest of 6 Drawers (3+3) in Black Matt,
70276232uu,-50,Naia Wide Chest of 6 Drawers (3+3) in White High Gloss,10/09/2020
7157417761,8,Napoli TV Unit 1 Drawer 2 Shelves in Black Woodgrain,
7157417749,12,Napoli TV Unit 1 Drawer 2 Shelves in White,
7.15742E+11,5,Napoli TV Unit 2 Drawers 3 Shelves in Black Woodgrain,
7.15742E+11,4,Napoli TV Unit 2 Drawers 3 Shelves in White,
70971092ak,0,Nova Bedside 2 Drawer in Oak,Awaiting delivery date
70971092cj,4,Nova Bedside 2 Drawer in Truffle Oak,
7097109249,9,Nova Bedside 2 Drawer in White,
7097109420,5,*Nova Chest of 3 Drawers in Dark Walnut,
70971094ak,5,Nova Chest of 3 Drawers in Oak,
70971094cj,7,Nova Chest of 3 Drawers in Truffle Oak,
7097109449,-1,Nova Chest of 3 Drawers in White,03/09/2020
7097120020,5,*Nova Chest of 5 Drawers in Dark Walnut,
70971200ak,11,Nova Chest of 5 Drawers in Oak,
70971200cj,2,Nova Chest of 5 Drawers in Truffle Oak,
7097120049,7,Nova Chest of 5 Drawers in White,
7097109620,11,*Nova Narrow Chest of 5 Drawers in Dark Walnut,
70971096ak,12,Nova Narrow Chest of 5 Drawers in Oak,
70971096cj,5,Nova Narrow Chest of 5 Drawers in Truffle Oak,
7097109649,-18,Nova Narrow Chest of 5 Drawers in White,02/09/2020
7097109720,11,Nova Sideboard - 3 Drawer 2 Door in Dark Walnut,
70971251cjcj,1,Nova Sideboard - 3 Drawers 2 Doors in Truffle Oak,
7.09713E+11,5,Nova Wide Chest of 6 Drawers (3+3) in Dark Walnut,
70971252akak,-3,Nova Wide Chest of 6 Drawers (3+3) in Oak,Awaiting delivery date
70971252cjcj,2,Nova Wide Chest of 6 Drawers (3+3) in Truffle Oak,
7044107449ak,5,Oslo Shoe Cabinet 3 Drawers in White and Oak,
7044107449gm,20,*Oslo Shoe Cabinet 3 Drawers in White and Black Matt,
7047538249ak,26,Oslo Bookcase 2 Drawers 1 Door in White and Oak,
7047538249gm,6,*Oslo Bookcase 2 Drawers 1 Door in White and Black Matt,
7047538349ak,23,Oslo TV Unit 2 Drawers in White and Oak FSC Mix 70 % NC-COC-060652,
7047538349gm,8,*Oslo TV Unit 2 Drawers in White and Black Matt,
7047538449ak,15,Oslo Coffee Table 1 Drawer 1 Shelf in White and Oak FSC Mix 70 % NC-COC-060652,
7047538449gm,14,Oslo Coffee Table 1 Drawer 1 Shelf in White and Black Matt FSC Mix 70 % NC-COC-060652,
7047538549ak,42,Oslo Leaning Bookcase 1 Drawer in White and Oak FSC Mix 70 % NC-COC-060652,
7047538549gm,15,Oslo Leaning Bookcase 1 Drawer in White and Black Matt FSC Mix 70 % NC-COC-060652,
7047538749ak,52,Oslo Sideboard - Small - 1 Drawer 2 Doors in White and Oak,
7047538749gm,9,Oslo Sideboard - Small - 1 Drawer 2 Doors in White and Black Matt,
7047538949ak,96,Oslo Leaning Desk in White and Oak FSC Mix 70 % NC-COC-060652,
7047538949gm,5,*Oslo Leaning Desk in White and Black Matt,
7047539149ak,24,Oslo TV Unit - Wide - 2 Drawers 4 Shelves in White and Oak FSC Mix 70 % NC-COC-060652,
7047539149gm,11,Oslo TV Unit - Wide - 2 Drawers 4 Shelves in White and Black Matt FSC Mix 70 % NC-COC-060652,
7047539449ak,29,Oslo Bedside 1 Drawer in White and Oak FSC Mix 70 % NC-COC-060652,
7047539449gm,8,Oslo Bedside 1 Drawer in White and Black Matt,
7047539549ak,54,Oslo Chest of 4 Drawers (2+2) in White and Oak,
7047539549gm,5,Oslo Chest of 4 Drawers (2+2) in White and Black Matt,
7047545649ak,14,Oslo Chest of 5 Drawers (2+3) in White and Oak FSC Mix 70 % NC-COC-060652,
7047545649gm,7,Oslo Chest of 5 Drawers (2+3) in White and Black Matt,
7.04754E+11,1,Oslo Dining Table - Small (100cm) in White and Oak,
7.04754E+11,2,Oslo Dining Table - Small (100cm) in White and Black Matt,
7.04754E+11,3,Oslo Dining Table - Large (160cm) in White and Oak,
7.04754E+11,3,Oslo Dining Table - Large (160cm) in White and Black Matt,
7047538149ak,-7,Oslo Sideboard - Large - 3 Drawers 2 Doors in White and Oak,03/09/2020
7047538149gm,9,*Oslo Sideboard - Large - 3 Drawers 2 Doors in White and Black Matt,
7047538849ak,-2,Oslo Console Table 1 Drawer 1 Shelf in White and Oak FSC Mix 70 % NC-COC-060652,06/08/2020
7047538849gm,1,*Oslo Console Table 1 Drawer 1 Shelf in White and Black Matt,
7047539649ak,16,Oslo Wardrobe 2 Doors 2 Drawers in White and Oak FSC Mix 70 % NC-COC-060652,
7047539649gm,7,Oslo Wardrobe 2 Doors 2 Drawers in White and Black Matt,
7047545049ak,-25,Oslo Desk 2 Drawer in White and Oak FSC Mix 70 % NC-COC-060652,09/10/2020
7047545049gm,25,Oslo Desk 2 Drawer in White and Black Matt FSC Mix 70 % NC-COC-060652,
7047546849ak,11,Oslo Wardrobe 3 Doors 3 Drawers in White and Oak FSC Mix 70 % NC-COC-060652,
70170302igig,55,Paris Bedside 2 Drawers in Matt Grey,
70170302djdj,24,*Paris Bedside 2 Drawers in Walnut,
7.01703E+11,-1,Paris Bedside 2 Drawers in White,24/07/2020
7017781249,-1,Paris TV Unit - 2 Shelves 2 Drawers in White,31/07/2020
7017781249ak,3,Paris TV Unit - 2 Shelves 2 Drawers in White and Oak,
7017780549,7,Paris Underbed Storage Drawer for Single Bed in White,
70176716djdj,5,*Paris Chest of 4 Drawers in Walnut,
7.01767E+11,3,Paris Chest of 4 Drawers in White,
7017781149,3,Paris TV Unit - Wide - 2 Doors 1 Shelf in White,
7017781149ak,2,Paris TV Unit - Wide - 2 Doors 1 Shelf in White and Oak,
7.01754E+11,1,Paris Wardrobe with 2 Doors 1 Drawer 2 Shelves in White,
7.01767E+11,9,Paris Chest of 6 Drawers in White,
70176719djdj,11,*Paris Chest of 8 Drawers in Walnut,
7.01767E+11,23,Paris Chest of 8 Drawers in White,
70176701dj,3,Paris Double Bed (140 x 200) in Walnut,
7017670149,5,Paris Double Bed (140 x 200) in White,
70177802ig,4,Paris Double Bed 4ft6 (140 x 190) in Matt Grey FSC Mix 70 % NC-COC-060652,
7.01767E+11,5,Paris King Bed (160 x 200) in White,
7017780149,3,Paris Single Bed (90 x 200) in White,
7017670349,7,Paris Super King Bed (180 x 200) in White,
70175352dj,3,*Paris Wardrobe with 2 Doors in Walnut,
7017535249,5,Paris Wardrobe with 2 Doors in White,
7017535349,0,Paris Wardrobe with 3 Doors in White,10/08/2020
70175354dj,4,*Paris Wardrobe with 4 Doors in Walnut,
7017535449,6,Paris Wardrobe with 4 Doors in White,
71070070akuu,11,Pepe Bedside 2 Drawers in Oak with White High Gloss,
7107007049,22,Pepe Bedside 2 Drawers in White,
71070505akuu,2,Pepe Chest of 4 Drawers in Oak with White High Gloss,
7.10705E+11,5,Pepe Chest of 4 Drawers in White,
7107007249,11,Pepe Chest of 5 Drawers in White,
71070073akuu,12,Pepe Wide Chest of 8 Drawers (4+4) in Oak with White High Gloss,
7107007349,41,Pepe Wide Chest of 8 Drawers (4+4) in White,
72080423ak,3,Prima Bookcase 2 Shelves in Oak,
7208042349,4,Prima Bookcase 2 Shelves in White,
72080420ak,4,Prima Bookcase 4 Shelves in Oak,
7208042049,2,Prima Bookcase 4 Shelves in White,
72080421ak,3,Prima Bookcase 5 Shelves in Oak,
7208042149,2,Prima Bookcase 5 Shelves in White,
71692174ak,2,Roomers Wall Shelf Unit in Oak,
71692174dj,6,Roomers Wall Shelf Unit in Walnut,
7169217686dj,-2,Roomers Display Cabinet Glazed 2 Doors in Black and Walnut,06/11/2020
7169217649ak,1,Roomers Display Cabinet Glazed 2 Doors in White and Oak,
7169217386dj,19,Roomers Sideboard 2 Door 1 Drawer in Black and Walnut,
7169217349ak,11,Roomers Sideboard 2 Door 1 Drawer in White and Oak,
7169217886dj,10,Roomers Sideboard 3 Drawers 3 Doors in Black and Walnut,
7169217849ak,9,Roomers Sideboard 3 Drawers 3 Doors in White and Oak,
7169217986dj,-3,Roomers TV Unit 3 Drawers 1 Door in Black and Walnut,06/11/2020
7169217149ak,21,Roomers TV Unit 3 Drawers 1 Door in White and Oak,
71271304dudu,9,Silkeborg Bedside 2 Drawers in Riviera Oak,
71271301dudu,5,Silkeborg Chest of 3 Drawers in Riviera Oak,
71271305dudu,10,*Silkeborg Chest of 8 Drawers (4+2+2) in Riviera Oak,
71271316dudu,3,*Silkeborg Double Bed 4ft6 (140 x 190) in Riviera Oak,
71271315dudu,2,Silkeborg King Bed (160 x 200) in Riviera Oak,
71271303dudu,5,Silkeborg Wardrobe - 3 Doors in Riviera Oak,
70570423akak,6,Space Bedside 1 Drawer in Oak,
7.05704E+11,8,Space Bedside 1 Drawer in White,
70570421akak,8,Space Chest of 3 Drawers in Oak,
7.05704E+11,31,Space Chest of 3 Drawers in White,
70570422akak,16,Space Chest of 5 Drawers in Oak,
7.05704E+11,50,Space Chest of 5 Drawers in White,
70570425akak,2,Space Wardrobe - 2 Doors 3 Drawers in Oak 2000,
70570425akuu,4,Space Wardrobe - 2 Doors 3 Drawers in Oak with White High Gloss 2000,
7.05704E+11,-2,Space Wardrobe - 2 Doors 3 Drawers in White 2000,10/08/2020
70570409akak,4,Space Wardrobe - 3 Doors 3 Drawers in Oak 2000,
70570409akuu,-2,Space Wardrobe - 3 Doors 3 Drawers in Oak with White High Gloss 2000,06/11/2020
7.05704E+11,9,Space Wardrobe - 3 Doors 3 Drawers in White 2000,
70570410akak,7,Space Wardrobe - 4 Doors 3 Drawers in Oak 2000,
70570410akuu,5,Space Wardrobe - 4 Doors 3 Drawers in Oak with White High Gloss 2000,
7.05704E+11,13,Space Wardrobe - 4 Doors 3 Drawers in White 2000,
71392148dj86,11,Unit Sideboard 2 Drawers in Walnut and Black,
7139214849dj,5,Unit Sideboard 2 Drawers in White and Walnut,
71392144ak53em,5,Unit Sideboard 1 Drawer w/ Sliding Doors in Oak with Dark Grey and Teracotta,
71370900dj86,13,Unit Sideboard 2 Drawers 3 Doors in Walnut and Black,
7137090049dj,15,Unit Sideboard 2 Drawers 3 Doors in White and Walnut,
70176716igig,10,Paris Chest of 4 Drawers in Matt Grey,
70175368igig,5,Paris Wardrobe with 2 Doors 1 Drawer 2 Shelves in Matt Grey,
70176718igig,11,Paris Chest of 6 Drawers in Matt Grey,
70176718djdj,5,*Paris Chest of 6 Drawers in Walnut,
70176719igig,16,Paris Chest of 8 Drawers in Matt Grey,
70176715igig,2,Paris King Bed (160 x 200) in Matt Grey,
70177801ig,9,Paris Single Bed (90 x 200) in Matt Grey,
70176703ig,2,Paris Super King Bed (180 x 200) in Matt Grey,
70175352ig,4,Paris Wardrobe with 2 Doors in Matt Grey,
70175353ig,5,Paris Wardrobe with 3 Doors in Matt Grey,
70175369igig,7,Paris Wardrobe with 4 Doors and 2 Drawers in Matt Grey,
71070508akuu,5,Pepe Chest of 5 Drawers in Oak with White High Gloss,
70971251akak,0,Nova Sideboard - 3 Drawers 2 Doors in Oak,03/08/2020
7.09713E+11,5,Nova Sideboard - 3 Drawers 2 Doors in White,
7.09713E+11,5,Nova Wide Chest of 6 Drawers (3+3) in White,
70375294ak,29,Verona Door for 180cm Sliding Wardrobe in Oak,
70375294cj,15,Verona Door for 180cm Sliding Wardrobe in Truffle Oak,
7037529449,49,Verona Door for 180cm Sliding Wardrobe in White,
70375288,16,Verona Door with Mirror - for 180cm Sliding Wardrobe,
70375293ak,7,Verona Set of 2 Doors for 120cm Sliding Wardrobe in Oak,
70375293cj,3,Verona Set of 2 Doors for 120cm Sliding Wardrobe in Truffle Oak,
7037529349,14,Verona Set of 2 Doors for 120cm Sliding Wardrobe in White,
7037527249,3,Verona Set of 3 Shelves - Narrow (for 120cm wardrobe) in White,
7037527349,11,Verona Set of 3 Shelves - Wide (for 180cm wardrobe) in White,
70375281ak,5,Verona Sliding Wardrobe Body (No Doors) 120cm in Oak,
70375281cj,4,Verona Sliding Wardrobe Body (No Doors) 120cm in Truffle Oak,
7037528149,10,Verona Sliding Wardrobe Body (No Doors) 120cm in White,
70375282ak,7,Verona Sliding Wardrobe Body (No Doors) 180cm in Oak,
70375282cj,11,Verona Sliding Wardrobe Body (No Doors) 180cm in Truffle Oak,
7037528249,-1,Verona Sliding Wardrobe Body (No Doors) 180cm in White,10/08/2020
7037528101,10,Verona Sliding Wardrobe 120cm in White with White Doors with 2 Shelves,
7037528102,7,Verona Sliding Wardrobe 120cm in White with Oak Doors with 2 Shelves,
7037528103,3,Verona Sliding Wardrobe 120cm in White with Truffle Oak Doors with 2 Shelves,
7037528105,3,Verona Sliding Wardrobe 120cm in White with Oak Doors with 5 Shelves,
7037528106,3,Verona Sliding Wardrobe 120cm in White with Truffle Oak Doors with 5 Shelves,
7037528104,3,Verona Sliding Wardrobe 120cm in White with White Doors with 5 Shelves,
7037528108,5,Verona Sliding Wardrobe 120cm in Oak with Oak Doors with 2 Shelves,
7037528110,3,Verona Sliding Wardrobe 120cm in Oak with Oak Doors with 5 Shelves,
7037528107,5,Verona Sliding Wardrobe 120cm in Oak with White Doors with 2 Shelves,
7037528109,3,Verona Sliding Wardrobe 120cm in Oak with White Doors with 5 Shelves,
7037528112,3,Verona Sliding Wardrobe 120cm in Truffle Oak with Truffle Oak Doors with 2 Shelves,
7037528114,3,Verona Sliding Wardrobe 120cm in Truffle Oak with Truffle Oak Doors with 5 Shelves,
7037528111,4,Verona Sliding Wardrobe 120cm in Truffle Oak with White Doors with 2 Shelves,
7037528113,3,Verona Sliding Wardrobe 120cm in Truffle Oak with White Doors with 5 Shelves,
7037528235,7,Verona Sliding Wardrobe 180cm in Oak with Mirror Doors with 2 Shelves,
7037528241,7,Verona Sliding Wardrobe 180cm in Oak with Mirror Doors with 5 Shelves,
7037528238,7,Verona Sliding Wardrobe 180cm in Oak with Oak and Mirror Doors with 2 Shelves,
7037528244,7,Verona Sliding Wardrobe 180cm in Oak with Oak and Mirror Doors with 5 Shelves,
7037528234,7,Verona Sliding Wardrobe 180cm in Oak with Oak Doors with 2 Shelves,
7037528240,7,Verona Sliding Wardrobe 180cm in Oak with Oak Doors with 5 Shelves,
7037528236,7,Verona Sliding Wardrobe 180cm in Oak with White and Mirror Doors with 2 Shelves,
7037528242,7,Verona Sliding Wardrobe 180cm in Oak with White and Mirror Doors with 5 Shelves,
7037528237,7,Verona Sliding Wardrobe 180cm in Oak with White and Oak doors with 2 Shelves,
7037528243,7,Verona Sliding Wardrobe 180cm in Oak with White and Oak doors with 5 Shelves,
7037528233,7,Verona Sliding Wardrobe 180cm in Oak with White Doors with 2 Shelves,
7037528239,7,Verona Sliding Wardrobe 180cm in Oak with White Doors with 5 Shelves,
7037528247,8,Verona Sliding Wardrobe 180cm in Truffle Oak with Mirror Doors with 2 Shelves,
7037528253,8,Verona Sliding Wardrobe 180cm in Truffle Oak with Mirror Doors with 5 Shelves,
7037528250,11,Verona Sliding Wardrobe 180cm in Truffle Oak with Truffle Oak and Mirror Doors with 2 Shelves,
7037528256,11,Verona Sliding Wardrobe 180cm in Truffle Oak with Truffle Oak and Mirror Doors with 5 Shelves,
7037528246,7,Verona Sliding Wardrobe 180cm in Truffle Oak with Truffle Oak Doors with 2 Shelves,
7037528252,7,Verona Sliding Wardrobe 180cm in Truffle Oak with Truffle Oak Doors with 5 Shelves,
7037528248,11,Verona Sliding Wardrobe 180cm in Truffle Oak with White and Mirror Doors with 2 Shelves,
7037528254,11,Verona Sliding Wardrobe 180cm in Truffle Oak with White and Mirror Doors with 5 Shelves,
7037528260,11,Verona Sliding Wardrobe 180cm in Truffle Oak with White and Truffle Oak doors with 2 Shelves,
7037528255,11,Verona Sliding Wardrobe 180cm in Truffle Oak with White and Truffle Oak doors with 5 Shelves,
7037528245,11,Verona Sliding Wardrobe 180cm in Truffle Oak with White Doors with 2 Shelves,
7037528251,11,Verona Sliding Wardrobe 180cm in Truffle Oak with White Doors with 5 Shelves,
7037528218,-1,Verona Sliding Wardrobe 180cm in White with Mirror Doors with 2 Shelves,Awaiting delivery date
7037528222,-1,Verona Sliding Wardrobe 180cm in White with Mirror Doors with 5 Shelves,Awaiting delivery date
7037528226,-1,Verona Sliding Wardrobe 180cm in White with Oak and Mirror Doors with 2 Shelves,Awaiting delivery date
7037528231,-1,Verona Sliding Wardrobe 180cm in White with Oak and Mirror Doors with 5 Shelves,Awaiting delivery date
7037528216,-1,Verona Sliding Wardrobe 180cm in White with Oak Doors with 2 Shelves,Awaiting delivery date
7037528220,-1,Verona Sliding Wardrobe 180cm in White with Oak Doors with 5 Shelves,Awaiting delivery date
7037528227,-1,Verona Sliding Wardrobe 180cm in White with Truffle Oak and Mirror Doors with 2 Shelves,Awaiting delivery date
7037528232,-1,Verona Sliding Wardrobe 180cm in White with Truffle Oak and Mirror Doors with 5 Shelves,Awaiting delivery date
7037528217,-1,Verona Sliding Wardrobe 180cm in White with Truffle Oak Doors with 2 Shelves,Awaiting delivery date
7037528221,-1,Verona Sliding Wardrobe 180cm in White with Truffle Oak Doors with 5 Shelves,Awaiting delivery date
7037528225,-1,Verona Sliding Wardrobe 180cm in White with White and Mirror Doors with 2 Shelves,Awaiting delivery date
7037528230,-1,Verona Sliding Wardrobe 180cm in White with White and Mirror Doors with 5 Shelves,Awaiting delivery date
7037528223,-1,Verona Sliding Wardrobe 180cm in White with White and Oak doors with 2 Shelves,Awaiting delivery date
7037528228,-1,Verona Sliding Wardrobe 180cm in White with White and Oak doors with 5 Shelves,Awaiting delivery date
7037528224,-1,Verona Sliding Wardrobe 180cm in White with White and Truffle Oak Doors with 2 Shelves,Awaiting delivery date
7037528229,-1,Verona Sliding Wardrobe 180cm in White with White and Truffle Oak Doors with 5 Shelves,Awaiting delivery date
7037528215,-1,Verona Sliding Wardrobe 180cm in White with White Doors with 2 Shelves,Awaiting delivery date
7037528219,-1,Verona Sliding Wardrobe 180cm in White with White Doors with 5 Shelves,Awaiting delivery date
7198011849ak,5,Function Plus Corner Desk 2 Drawers in White and Oak FSC Mix 70 % NC-COC-060652,
7087033220,8,May Chest of 3 Drawers in Dark Walnut,
4.27101E+11,10,Hampshire 3 Piece Bedroom Set - 2 Bedsides + Chest of 3 Drawers,
4.27101E+11,2,Hampshire 3 Piece Bedroom Set - Bedside + Chest of 3 Drawers + Wardrobe (2 Doors 2 Drawers),
4.27101E+14,2,Hampshire 4 Piece Bedroom Set - 2 Bedsides + Chest of 3 Drawers + Wardrobe (2 Doors 2 Drawers),
4.27101E+14,6,Hampshire 4 Piece XL Bedroom Set - 2 Bedsides + Chest of 6 Drawers (2+4) + Wardrobe (3 Doors 4 Drawers),
60310380,2,"Larvik Armchair - Antracit, Black Legs",
60310381,5,"Larvik Armchair - Grey, Black Legs",
60310383,3,"Larvik Armchair - Dark Green, Black Legs",
60320380,0,"Larvik 2.5 Seater Sofa -  Antracit, Black Legs",Awaiting delivery date
60320381,2,"Larvik 2.5 Seater Sofa - Grey, Black Legs",
60320383,6,"Larvik 2.5 Seater Sofa - Dark Green, Black Legs",
60330380,1,"Larvik 3 Seater Sofa - Antracit, Black Legs",
60330381,3,"Larvik 3 Seater Sofa - Grey, Black Legs",
60330383,11,"Larvik 3 Seater Sofa - Dark Green, Black Legs",
60340380,1,"Larvik Chaiselongue Sofa (RH) - Antracit , Black Legs",
60340381,3,"Larvik Chaiselongue Sofa (RH) - Grey, Black Legs",
60340383,3,"Larvik Chaiselongue Sofa (RH) - Dark Green, Black Legs",
60342380,1,"Larvik Chaiselongue Sofa (LH) - Antracit , Black Legs",
60342381,1,"Larvik Chaiselongue Sofa (LH) - Grey , Black Legs",
60342383,4,"Larvik Chaiselongue Sofa (LH) - Dark Green , Black Legs",
60360380,2,"Larvik Footstool - Antracit, Black Legs",
60360381,1,"Larvik Footstool - Grey, Black Legs",
60360383,2,"Larvik Footstool - Dark Green, Black Legs",
6031038047,2,"Larvik Armchair - Antracit, Oak Legs",
6031038147,5,"Larvik Armchair - Grey, Oak Legs",
6031038347,3,"Larvik Armchair - Dark Green, Oak Legs",
6032038047,0,"Larvik 2.5 Seater Sofa - Antracit, Oak Legs",Awaiting delivery date
6032038147,2,"Larvik 2.5 Seater Sofa - Grey, Oak Legs",
6032038347,6,"Larvik 2.5 Seater Sofa - Dark Green, Oak Legs",
6033038047,1,"Larvik 3 Seater Sofa - Antracit, Oak Legs",
6033038147,3,"Larvik 3 Seater Sofa - Grey, Oak Legs",
6033038347,11,"Larvik 3 Seater Sofa - Dark Green, Oak Legs",
6034038047,1,"Larvik Chaiselongue Sofa (RH) - Antracit, Oak Legs",
6034038147,3,"Larvik Chaiselongue Sofa (RH) - Grey, Oak Legs",
6034038347,3,"Larvik Chaiselongue Sofa (RH) - Dark Green, Oak Legs",
6034238047,1,"Larvik Chaiselongue Sofa  (LH) -  Antracit, Oak Legs",
6034238147,1,"Larvik Chaiselongue Sofa  (LH) - Grey, Oak Legs",
6034238347,4,"Larvik Chaiselongue Sofa  (LH) - Dark Green, Oak Legs",
6036038047,2,"Larvik Footstool -  Antracit, Oak Legs",
6036038147,1,"Larvik Footstool - Grey, Oak Legs",
6036038347,2,"Larvik Footstool - Dark Green, Oak Legs",
6000004,18,Larvik Oak Legs 4. Pieces,
6000006,9,Larvik Oak Legs 6. Pieces,
4350168,1,Aviles TV Unit - 2 Doors 2 Drawers,
4350368,4,Aviles Sideboard - 3 Doors 3 Drawers,
4350568,3,Aviles Sideboard - 4 Doors 2 Drawers,
4350668,-2,Aviles Wall Shelf - 141cm Wide,Awaiting delivery date
4350868,2,Aviles Bookcase - 4 Shelves,
4350968,3,Aviles Wardrobe - 2 Doors,
4351068,2,Aviles Cupboard - Tall & Narrow,
4351168,5,Aviles Coffee Table,
4351268,0,Aviles Extending Dining Table,Awaiting delivery date
4351368,3,Aviles Display Cabinet - Low & Wide.,
4351468,1,Aviles Display Cabinet - Tall & Narrow.,
4360169,7,Cordoba TV Unit - 2 Doors 1 Drawer 1 Shelf,
4360369,1,Cordoba Sideboard - 3 Doors 2 Drawers,
4360469,1,Cordoba Glazed Sideboard - 3 Doors 2 Drawers,
4360569,-1,Cordoba Wall Shelf - 120cm Wide,Awaiting delivery date
4360869,0,Cordoba Extending Dining Table,Awaiting delivery date
4360969,2,Cordoba Display Cabinet - Low & Wide,
4361069,1,Cordoba Display Cabinet - Tall & Narrow,
70275211akak,2,Naia Single Bed 3ft (90 x 190) in Oak,
70275211cjcj,2,*Naia Single Bed 3ft (90 x 190) in Truffle Oak,
70275211gmgm,7,Naia Single Bed 3ft (90 x 190) in Black Matt,
70275211uuuu,-3,Naia Single Bed 3ft (90 x 190) in White High Gloss,02/10/2020
70275212akak,1,Naia Double Bed 4ft6 (140 x 190) in Oak,
70275212cjcj,3,*Naia Double Bed 4ft6 (140 x 190) in Truffle Oak,
70275212gmgm,5,Naia Double Bed 4ft6 (140 x 190) in Black Matt,
70275212uuuu,6,Naia Double Bed 4ft6 (140 x 190) in White High Gloss,
70275213akak,3,Naia Euro King Bed (160 x 200) in Oak,
70275213cjcj,2,*Naia Euro King Bed (160 x 200) in Truffle Oak,
70275213gmgm,2,Naia Euro King Bed (160 x 200) in Black Matt,
70275213uuuu,4,Naia Euro King Bed (160 x 200) in White High Gloss,
7047537849ak,7,Oslo Euro Double Bed (140 x 200) in White and Oak FSC Mix 70 % NC-COC-060652,
7047537849gm,3,Oslo Euro Double Bed (140 x 200) in White and Black Matt,
7047537949ak,2,Oslo Euro King Bed (160 x 200) in White and Oak FSC Mix 70 % NC-COC-060652,
7047537949gm,3,Oslo Euro King Bed (160 x 200) in White and Black Matt,
70276242uu,1,Naia Set of 2 Underbed Drawers (for Single or Double beds) in White High Gloss,
70282107ak,-1,Naia Set of 2 Underbed Drawers (for Single or Double beds) in Oak,Awaiting delivery date
70282107cj,-1,*Naia Set of 2 Underbed Drawers (for Single or Double beds) in Truffle Oak,24/07/2020
70282107gm,5,Naia Set of 2 Underbed Drawers (for Single or Double beds) in Black Matt,
7047580149ak,2,Oslo Euro Single Bed (90 x 200) in White and Oak FSC Mix 70 % NC-COC-060652,
4371420,-1,Novi 1 Drawer Bedside Table in Alpine White,10/08/2020
4371520,-1,Novi Shelf in Alpine White,20/08/2020
4371620,0,Novi Mirror in Alpine White,20/08/2020
4372520,1,Novi Coffee Table with shelf in Alpine White,
4371020,1,Novi 1 Door 1 Drawer Desk in Alpine White,
4371120,2,Novi 2 Door Cabinet in Alpine White,
4371220,2,Novi 2 Door 1 Drawer Cabinet in Alpine White,
4371320,5,Novi 3 Door 3 Drawer Cabinet in Alpine White,
4371720,2,Novi 2 Drawer Bookcase in Alpine White,
4371820,1,Novi 2 Door Chiffonier in Alpine White,
4372420,-6,Novi 3 Door TV Cabinet in Alpine White,30/07/2020
4372620,2,Novi Extending Dining Table in Alpine White,
4372120,4,Novi 90cm Bed in Alpine White,
4372220,0,Novi 120cm Bed in Alpine White,30/07/2020
4372320,2,Novi Display Cabinet in Alpine White,
4371920,2,Novi 2 Door Wardrobe in Alpine White,
4372020,3,Novi 2 Door Corner Wardrobe in Alpine White,
72186006gmdj,22,Ry Sideboard 2 doors + 2 drawers,
72186006gogo,8,Ry Sideboard 2 doors + 2 drawers,
72186007gmdj,11,Ry TV-unit 1 door + 1 drawer,
72186007gogo,6,Ry TV-unit 1 door + 1 drawer,
72186008gmdj,5,Ry China cabinet 1 door + 1 glass door + 1 drawer,
72186008gogo,2,Ry China cabinet 1 door + 1 glass door + 1 drawer,
72186009gmdj,4,Ry Coffee table with 1 drawer,
72186009gogo,5,Ry Coffee table with 1 drawer,
72186010gmdj,8,Ry Sideboard with 1 door + 2 drawers,
72186010gogo,9,Ry Sideboard with 1 door + 2 drawers,
72288200gmak,6,Stubbe Sideboard with 1 door + 3 drawers,
72288201gmak,2,Stubbe China cabinet 2 frame doors + 3 drawers,
72288206gmak,-3,Stubbe TV Unit 1+2 drawers and open shelf in Matt Black Oak,10/08/2020
7.2359E+11,0,Shoes Shoe cabinet  w. 1 tilting door and 1 layer,10/08/2020
72359000ak49,-2,Shoes Shoe cabinet  w. 1 tilting door and 1 layer,24/08/2020
72359000gmgm,15,Shoes Shoe cabinet  w. 1 tilting door and 1 layer,
7.2359E+11,23,Shoes Shoe cabinet  w. 2 tilting doors and 1 layer.,
72359001ak49,8,Shoes Shoe cabinet  w. 2 tilting doors and 1 layer,
72359001gmgm,-2,Shoes Shoe cabinet  w. 2 tilting doors and 1 layer,20/08/2020
7.2359E+11,8,Shoes Shoe cabinet  w. 3 tilting doors and 1 layer,
72359002ak49,5,Shoes Shoe cabinet  w. 3 tilting doors and 1 layer,
72359002gmgm,10,Shoes Shoe cabinet  w. 3 tilting doors and 1 layer,
7.2359E+11,2,Shoes Shoe cabinet  w. 4 tilting doors and 1 layer,
72359003ak49,2,Shoes Shoe cabinet  w. 4 tilting doors and 1 layer,
72359003gmgm,2,Shoes Shoe cabinet  w. 4 tilting doors and 1 layer,
7.2359E+11,6,Shoes Shoe cabinet  w. 1 tilting door and 2 layers,
72359004ak49,3,Shoes Shoe cabinet  w. 1 tilting door and 2 layers,
72359004gmgm,4,Shoes Shoe cabinet  w. 1 tilting door and 2 layers,
7.2359E+11,5,Shoes Shoe cabinet  w. 2 tilting doors and 2 layers,
72359005ak49,4,Shoes Shoe cabinet  w. 2 tilting doors and 2 layers,
72359005gmgm,7,Shoes Shoe cabinet  w. 2 tilting doors and 2 layers,
7.2359E+11,8,Shoes Shoe cabinet  w. 3 tilting doors and 2 layers,
72359006ak49,2,Shoes Shoe cabinet  w. 3 tilting doors and 2 layers,
72359006gmgm,7,Shoes Shoe cabinet  w. 3 tilting doors and 2 layers,
7.2359E+11,3,Shoes Shoe cabinet  w. 4 tilting doors and 2 layers,
72359007ak49,2,Shoes Shoe cabinet  w. 4 tilting doors and 2 layers,
72359007gmgm,5,Shoes Shoe cabinet  w. 4 tilting doors and 2 layers,
72359008akuu,19,Shoes Shoe cabinet w. 3 tilting doors and 2 layers +  1 door,
72359009akuu,5,Shoes Shoe cabinet w. 4 tilting doors and 2 layers +  1 mirror door,
7.2359E+11,0,Shoes Shoe cabinet w. 4 mirror tilting doors and 2 layers,03/08/2020
72359010akak,4,Shoes Shoe cabinet w. 4 mirror tilting doors and 2 layers,
70273838,152,Rails for slats Naia Single Bed 3ft (90 x 190 cm) and Naia Double Bed 4ft6 (140 x 190 cm),
70273837,188,Rails for slats Naia Euro King Bed (160 x 200 cm),
7.05704E+11,101,Space Wardrobe with 3 doors + 3 drawers White 1750,
7.05704E+11,-53,Space Wardrobe with 2 doors White 1750,Awaiting delivery date
7.05704E+11,66,Space Wardrobe with 3 doors White 1750,
7.05704E+11,-25,Space Wardrobe with 2 doors + 3 drawers White 1750,Awaiting delivery date
70276238gxuu,2,Naia Bedside - 1 Drawer 1 Shelf in Concrete and White High Gloss,
70276237gxuu,24,Naia Bedside - 3 Drawers in Concrete and White High Gloss,
70276231gxuu,10,Naia Chest of 5 Drawers in Concrete and White High Gloss,
70276233gxuu,16,Naia Narrow Chest of 5 Drawers in Concrete and White High Gloss,
70276234gxuu,3,Naia Sideboard 1 Drawer 2 Doors in Concrete and White High Gloss,
70276236gxuu,19,Naia Sideboard 4 Drawers 2 Doors in Concrete and White High Gloss,
70276232gxuu,64,Naia Wide Chest of 6 Drawers (3+3) in Concrete and White High Gloss,
7017030249ak,9,Paris Bedside 2 Drawers in White and Oak,
7017671649ak,5,Paris Chest of 4 Drawers in White and Oak,
7017671849ak,3,Paris Chest of 6 Drawers in White and Oak,
7017671949ak,8,Paris Chest of 8 Drawers in White and Oak,
7017780149ak,0,Paris Single Bed (90 x 200) in White and Oak,Awaiting delivery date
7017535249ak,3,Paris Wardrobe with 2 Doors in White and Oak,
7017535349ak,4,Paris Wardrobe with 3 Doors in White and Oak,
7017536949ak,6,Paris Wardrobe with 4 Doors & 2 Drawers in White  and Oak,
7.24755E+13,3,Family Dining Table 180cm White Table Top with White Legs,
7.24755E+13,3,Family Dining Table 180cm White Table Top with Black Legs,
7247547001ak49,3,Family Dining Table 180cm Oak Table Top with White Legs,
7247547001ak60,4,Family Dining Table 180cm Oak Table Top with Black Legs,
7.24755E+13,4,Family Dining Table 140cm White Table Top with White Legs,
7.24755E+13,2,Family Dining Table 140cm White Table Top with Black Legs,
7247547002ak49,2,Family Dining Table 140cm Oak Table Top with White Legs,
7247547002ak60,2,Family Dining Table 140cm Oak Table Top with Black Legs,
70276235gxuu,15,Naia Chest of 3 Drawers in Concrete and White High Gloss,
7247547649,3,Family Dining top 90x180 White,
72475476ak,4,Family Dining top 90x180 Oak structure,
7247547849,4,Family Dining top 90x140 White,
72475478ak,2,Family Dining top 90x140 Oak structure,
7247547749,3,"Family Dining Legs for dining table 180,0 cm White",
7247547760,4,"Family Dining Legs for dining table 180,0 cm Black",
7247547949,6,"Family Dining Legs for dining table 140,0 cm White",
7247547960,2,"Family Dining Legs for dining table 140,0 cm Black",
7197048049cn,0,Function Plus Desk White Grey White Grey FSC Mix 70 % NC-COC-060652,06/08/2020
7197048149cn,33,Function Plus Mobile file cabinet 2 drawers + 1 shelf FSC Mix 70 % NC-COC-060652,
7198012349ak,23,Function Plus Desk 3 drawers White Oak structure FSC Mix 70 % NC-COC-060652,
,0,Chelsea Bedroom Super Kingsize Bed in white with an Truffle Oak Trim,Awaiting delivery date